0.117264462,-2.094485432,-0.423966258,1.058429511
0.713725123,0.94916853,0.208883231,0.348073844
0.748439611,1.03500431,0.193308858,0.393539103
0.711941654,0.940057286,0.207340775,0.485688813
0.725665905,0.977898859,0.22063578,0.604020093
0.753588709,1.003710656,0.038412652,0.216512575
0.751041885,1.060414783,0.177345571,0.559491966
0.731497028,0.997480112,0.165737786,0.097208821
0.672968889,0.706549146,-0.015674497,0.267373404
0.719341764,0.959529044,0.210361846,0.485688813
0.720173717,0.968821014,0.215122731,0.496252038
0.746123854,1.00537721,0.049662421,0.17209564
0.740878126,1.029545011,0.194382049,0.559491966
0.748109135,1.051507321,0.18226144,0.559491966
0.72731171,0.982791554,0.217654909,0.604020093
-23.50701947,2.755239369,0.575045639,2.436364157
0.727707611,0.984267233,0.218767121,0.298727755
-1.537027274,-4.048528621,-2.014083684,0.395250508
-1.405890471,-8.464726605,10.41812693,-1.258629148
0.692628051,0.905159477,0.151926236,0.550092107
-1.196354873,-3.31880717,1.097139224,1.196638833
-2.197668877,-4.283456487,-3.103490083,-0.477752106
1.068337983,-0.222825982,0.26131135,-1.058888494
1.062615305,-0.217108352,0.249527902,1.324876169
1.056240156,-0.219251169,0.076884847,0.724427047
0.871025803,-0.057384029,-0.402983723,-0.057055336
0.557921675,-0.21747906,0.254712526,0.634368217
0.860040259,-0.236498132,0.269736495,2.509982608
1.062245268,-0.220777463,0.2659863,0.681196325
0.729387508,-0.214447425,0.23170516,-0.606993519
1.062254659,-0.226637133,0.074841963,1.697054979
1.063112034,-0.231458069,0.273213198,0.561947896
1.147110362,-0.196013111,0.234192427,-1.917822976
1.052631145,-0.215682524,0.245133862,0.388309511
1.05713929,-0.241770637,0.276369948,-0.233276925
0.739497238,-0.213280737,0.255066176,0.642443795
1.055784651,-0.213407116,0.245571477,2.133609252
0.858853635,-0.188011625,0.083494027,0.018157576
0.906907389,-0.220945214,0.131581625,-0.761418492
0.311528832,-0.198766114,0.093715397,0.639291282
0.113065173,-0.229908036,0.269516555,0.752785218
0.739559294,-0.217562698,0.264276415,-0.070390253
0.689302439,-0.239791421,0.290841174,-0.222738807
0.311367529,-0.216834965,0.252060914,1.150572676
1.055682153,-0.214472818,0.255834667,0.779822547
-0.608707432,-0.232395656,0.269383539,0.648262903
0.558804112,-0.201148329,0.237204718,-1.657421303
0.557620675,-0.179500282,-1.306159658,1.470978376
-0.204013889,-0.213061422,0.226277072,2.296832267
0.525011163,-0.080002719,-1.308465877,0.346888862
0.740243893,-0.218896374,0.256979172,0.347332143
0.145043585,0.284014068,0.292699809,-0.314267743
0.691074756,-0.210012699,0.251344512,-0.744552772
1.061572548,0.282686474,0.282380481,0.28414265
1.062334391,-0.196712922,0.076104892,-0.12455052
1.061413507,0.286360853,0.295183575,0.681350223
0.882857417,-0.213561959,0.240438043,0.594140518
0.145064259,0.280947255,0.303104165,-0.683817609
1.063733494,-0.211294517,0.216948714,0.734609995
1.055752441,-0.214832376,0.24703878,-0.999697819
0.865364453,-0.196034127,0.230543261,2.332703083
0.582441497,-0.220625123,0.257598856,2.219266024
0.930682002,-0.215803852,0.249151213,0.973180024
0.859461836,-0.224764246,0.263715642,0.736591529
0.73929624,-0.206132439,0.242574992,0.345804342
1.062249475,-0.212138145,0.247300471,-1.362251023
1.062463177,-0.204022724,0.101696485,0.458290601
0.53295486,-0.222604504,0.229346252,2.196165366
0.740029477,-0.209050201,0.252019278,1.119340955
0.547683915,-0.222770831,0.262538555,1.247356124
0.603237744,-0.145575676,0.303737889,-0.038556901
0.859521165,-0.226578888,0.258961811,0.043671223
0.101882945,-0.233535918,0.243726016,0.671722641
0.310770789,-0.233158685,0.260833715,-0.485782695
1.061513905,0.285004147,0.292663957,1.185242792
0.521789717,-0.083326884,-1.309711607,0.460347439
0.859167235,-0.215057222,0.243874567,1.521001095
1.056319168,-0.20349019,0.089324896,0.33288021
1.062064609,-0.206134886,-0.249011174,1.471222353
1.062101291,-0.215708424,0.261801897,0.509173597
0.871907399,-0.236590196,0.248005361,0.545274195
0.511945962,-0.231925389,0.266094778,0.605507459
0.559484365,-0.217809766,0.259901888,0.762409242
0.689303855,-0.208636661,0.244563386,-0.797813226
0.87103671,-0.057583357,-0.403059262,-0.057055336
1.062876431,-0.226618999,0.267612028,1.716889138
0.532280197,-0.048682436,-0.400926679,0.797065828
0.311502297,-0.213734861,0.253095385,-0.414715448
0.858677415,-0.264518051,0.018165136,0.711710814
1.087585693,-0.217199533,0.261876018,0.699260392
0.07635595,-0.225246461,0.271612673,-0.66373916
1.062500892,-0.203399722,0.096526602,-0.137468314
0.703179752,-0.221826169,0.266295239,1.950422897
1.095374671,0.425959055,-0.153667992,0.754816793
1.056293314,-0.202797429,0.088364261,0.33288021
1.055616596,-0.213282702,0.256333603,1.71960989
0.73999118,-0.213296446,0.25554875,0.385772681
0.794939482,-0.237562122,0.258083565,0.761123922
1.061789303,-0.20334213,0.212639376,0.284021264
0.454190603,-0.063931982,-0.39080349,1.252049099
0.112439411,-0.22154978,0.27131525,2.653599708
0.311439321,-0.218666896,0.251383801,-0.734196035
0.859374313,-0.22487171,0.260761722,-0.083001387
0.45393264,0.2741659,0.283127115,1.308379408
0.311167729,-0.010904136,0.222124542,2.090827202
1.061804148,-0.153248655,0.23916022,-0.569249779
1.056334782,-0.203908563,0.089905044,0.33288021
0.310673658,-0.228853261,0.251716352,1.680156383
1.062976454,-0.232049858,0.269855333,0.075436828
1.09864013,-0.210423209,0.259697832,0.240987287
0.264891969,-0.146585556,0.300222854,1.296652615
0.678494835,-0.20873294,0.232632031,-0.412105597
0.112454532,-0.221732285,0.27188683,0.480605218
1.061439941,0.286027244,0.295289597,0.681350223
0.740927398,-0.23126217,0.274054853,0.941466963
0.752163433,-0.207979708,0.205434901,1.515230184
0.671502543,-0.236728808,0.249785056,2.373423539
1.062386755,-0.219589556,0.265938758,2.44904691
0.752095863,-0.206711896,0.208085167,0.782383409
1.156133202,-0.434827474,-0.072928533,0.758993851
0.112430449,-0.221543886,0.270476417,0.828854527
0.604646446,-0.219628118,0.255032026,0.300872204
0.748654648,-0.205851149,0.237696388,0.5135298
0.738984911,-0.212469455,0.251988923,0.615460387
0.859933035,-0.219990035,-0.241721602,1.454233804
0.689224518,-0.216127374,0.253309508,0.647977271
1.055676025,-0.214319134,0.255566208,0.779822547
0.691259565,-0.211928868,0.253040058,0.510033276
0.614896592,-0.203225186,0.208285213,1.70382986
0.112394112,-0.220581271,0.269030986,1.622395919
1.061486825,0.286852114,0.297333047,0.364414881
0.671939099,-0.249436501,0.262047209,1.793952154
1.055674723,-0.214286495,0.255509193,0.779822547
0.521421261,-0.076633384,-1.305943357,1.526121096
1.057616078,-0.247072316,0.290820452,-0.002965689
0.311675223,-0.222020566,0.254899416,0.654209372
1.068330962,-0.222658112,0.261001752,-0.010514382
0.938853864,-0.193900695,0.168265974,0.007414883
0.976994507,-0.213569472,0.250922998,-0.270367518
-0.484369452,-0.219353349,0.230211839,1.18780056
0.858412658,-0.176283493,0.069500464,-0.335931814
0.930566094,-0.197014394,0.082133606,-0.518100921
0.950595068,-0.238799254,0.266742242,-1.483959521
1.062077513,-0.209052616,0.24812976,-0.021361385
0.859183209,-0.218212674,0.263325247,2.126123736
1.063206884,-0.232288737,0.277474871,1.992509262
0.101632761,-0.222604432,0.256278364,1.412522941
0.31140537,-0.197871427,0.085173566,0.173456589
1.000924313,-0.034241333,0.207681897,0.79432164
1.061518542,0.286341499,0.297606238,0.364414881
0.85983008,-0.226504169,0.243190898,0.11313301
0.85236931,-0.23128402,0.266661818,-0.681585128
1.063079643,-0.214047112,0.248234599,0.064473361
1.056821839,-0.234333287,0.269060581,0.678800375
0.985861905,-0.207672941,0.247813204,0.921529081
1.057499728,-0.246079933,0.283938478,-0.247017346
0.858157923,-0.172708398,0.066773669,-1.964162975
-0.18398103,0.293250003,0.21646334,0.011734824
0.726617623,-0.125726029,0.208707609,1.113015919
1.063062977,-0.230181404,0.269128668,2.08224766
0.79449044,-0.228397778,0.250324248,0.76958561
0.857733171,0.293455816,0.291998298,0.76752451
0.871672597,-0.072202456,-0.392372883,0.81046489
0.144109285,-0.143523109,0.303792971,-0.683817609
0.673305025,-0.248958779,0.277530629,1.215035856
1.056305231,-0.207859505,0.098042789,-0.168768124
0.547798551,-0.223659387,0.115451501,1.031404472
1.056327163,-0.209568624,0.107425978,0.680422808
0.144186313,-0.145554127,0.305533256,-0.683817609
1.061509323,0.283548978,0.283716077,0.28414265
0.113086396,-0.252838903,0.300043873,0.590190157
0.838023685,-0.199500743,0.235978209,2.37411039
0.311539154,-0.224028013,0.265084174,-0.723012096
0.532848225,-0.221118629,0.099182654,-0.169945999
1.05691616,-0.237084355,0.2750145,1.362391845
0.740054097,-0.229321665,0.269001958,0.402323139
0.900550933,-0.221695237,0.267866509,-0.284842169
0.808777744,-0.212087133,-0.257387645,-1.807068898
0.859203417,-0.054997256,-0.39394143,1.473063795
1.06221917,-0.189867753,0.082469101,-0.262081255
0.453587825,-0.048956476,-0.402953316,-0.205208614
1.062152144,-0.216500843,0.235096587,0.78659786
0.113027729,-0.251406191,0.29805462,-0.091111763
0.113024486,-0.251316629,0.297907432,0.865029369
0.581327491,-0.17142391,0.20357375,0.948057167
1.165765272,-0.228298918,0.26816111,0.777503105
0.532976584,-0.226781488,0.239359032,-1.004465352
0.870879137,-0.055186696,-0.40509782,-0.205208614
0.101873542,-0.233487561,0.237422044,-0.085349929
1.055682966,-0.2144932,0.255870272,0.779822547
1.06726679,-0.001286445,0.220082566,2.314117885
0.932005352,-0.244520591,0.256138583,-0.201576819
0.740055804,-0.229368256,0.26907148,0.402323139
0.113069454,-0.241666364,0.287286056,0.300640999
1.08781427,-0.218555903,0.255367667,1.087856439
0.858936637,-0.048017807,0.234519979,0.678689819
1.052633211,-0.215728135,0.245208735,0.388309511
0.113023331,-0.251284259,0.297862497,0.865029369
0.532999003,-0.223905936,0.232309453,0.530358608
0.689760854,-0.185591401,0.25136963,0.418395859
0.771297516,-0.224833406,0.265374952,-1.633992468
0.741964484,-0.258039927,0.311005035,1.434784745
1.062618102,-0.22388496,0.259015468,0.736324742
1.062664277,-0.221556846,-0.240080314,1.849099905
0.615015272,-0.193657048,-0.260780428,-0.855877475
0.859505277,-0.227612188,0.269597824,1.03869545
1.055650771,-0.137061907,0.289881788,1.392752033
0.604241469,-0.244080121,0.281921524,0.119681051
0.882791436,-0.213542507,0.249353489,0.128760861
0.111889085,-0.203127183,0.241244104,1.625395857
0.584766863,-0.218248008,0.261036101,0.53089036
0.859043124,-0.192350419,0.077381381,0.894101593
0.582202498,-0.216354,0.255485225,0.318256475
0.738313409,0.01933062,-0.492119876,2.135429826
0.859097186,-0.21527815,0.250662866,-0.629244245
1.056760959,-0.2306441,0.273701294,-1.767017839
-0.618873507,-0.231030441,0.236288786,-0.486525131
1.063626645,-0.162365642,-0.056872977,2.133084245
1.259157813,-0.197792864,-0.270435998,0.706418234
0.604938856,-0.234627708,0.27840637,0.208283213
1.057163595,-0.242934137,0.280446449,2.40084588
0.658929603,-0.211865989,0.163613577,-1.807068898
0.453752748,-0.050791746,-0.401585135,1.31044441
0.547334337,-0.211187385,0.248557769,0.546464887
0.794914396,-0.2405913,0.268493773,-0.912099621
0.14430284,-0.145366811,0.301826343,0.009700116
0.381943267,-0.235036416,0.284829008,0.330955814
1.062299618,-0.212750921,-0.245795031,0.176252478
1.057159046,-0.24223572,0.277034572,-0.162065995
1.067940051,-0.224336891,0.115049218,1.387315463
0.691886836,-0.225511537,0.257977672,2.72536125
0.112607124,-0.223225786,0.276504908,0.738185166
0.560508415,-0.215471966,0.256467667,-0.307976838
1.055764216,-0.215548067,0.249612829,1.350420211
0.894438578,-0.224849777,0.250809452,0.250694757
0.311616736,-0.226294374,0.270182607,1.710047208
0.31157278,-0.201157569,0.100269846,0.698978505
0.266486289,-0.236834919,0.27798782,0.613461369
0.671853224,-0.247797259,0.265686642,0.01364341
0.929626184,-0.17716932,0.070134297,-1.270804532
1.087185968,-0.203617728,0.243529953,1.884280506
0.858503657,-0.177097585,0.068751174,2.407818359
0.8600414,-0.236526641,0.269781244,2.509982608
0.439646821,-0.219026692,0.247051291,0.713195623
0.312085942,-0.233295799,0.269819766,2.456034984
1.061607605,-0.051323357,0.225506281,0.121112359
0.871711883,-0.071977929,-0.402515819,1.123821484
-0.08256842,0.700085439,0.210860161,-0.089039679
1.061513768,0.286200503,0.297991458,1.079776152
0.930245083,-0.18862282,0.070629797,1.231145061
1.055405292,0.413207856,-0.153073746,1.071111472
1.06870309,-0.225466047,0.255241926,-0.227255468
0.808879904,-0.216000208,-0.250373311,-0.703873285
0.6725587,-0.228221013,0.24956051,0.847891398
0.560499568,-0.215278786,0.256069154,2.535707001
0.859291302,-0.2217429,0.261086127,-0.001611939
1.061942602,-0.206021221,0.249634787,-0.134525075
1.086992964,-0.19989183,0.238438546,0.546382411
0.871416756,-0.22782062,0.235332761,-1.45492014
0.410686089,-0.214849689,0.258044528,-0.474057067
1.067251124,-0.000912716,0.219991165,2.314117885
1.056709875,-0.227856589,0.27177334,2.324460811
1.086786445,-0.195861026,0.230993794,-1.279832776
0.779331303,-0.217412034,0.249289055,0.081444706
-0.618903509,-0.233818463,0.241331301,1.691902223
1.063094277,-0.234408598,0.26950011,0.958269297
0.604985443,-0.236278104,0.279149398,0.76187312
1.061871537,-0.201464238,-0.252843267,-0.333792772
0.738876799,-0.210183585,0.25206003,-0.460989515
1.063328357,-0.237396609,0.28054578,0.68394611
0.859808834,-0.227610646,0.248625836,-0.42741421
0.859081463,-0.054473286,0.245574145,2.625297961
0.858299408,-0.211286738,0.144111091,1.220719819
0.547572779,-0.218749192,0.253524858,1.411097506
0.691424927,-0.213896183,0.255756804,0.15637987
1.061941156,-0.205628187,0.245988582,2.229459595
1.055733035,-0.210794802,0.249324494,0.804432155
0.691451957,-0.212521994,0.243198375,0.784816477
0.547820381,-0.225153298,0.11667667,1.899478092
0.144300801,-0.145329539,0.301840468,0.009700116
1.062539779,-0.227448769,0.250389431,2.648547352
0.547554861,-0.213987674,0.255674261,0.092221637
0.453792864,-0.052364758,-0.399162365,-0.057055336
0.949992902,-0.061802753,-0.401699422,0.996987937
1.061481767,0.286933532,0.297289486,0.364414881
0.724845487,-0.220847772,0.175933153,-0.436068751
0.740123878,-0.221823893,0.24752329,1.732007501
-0.139491437,0.941460079,0.218458719,1.607266544
0.931729683,-0.233992587,0.250355495,-0.909747175
0.603890212,-0.221747817,0.248417468,0.225335878
0.808851213,-0.214230663,-0.254877801,0.896263246
0.679020698,-0.222759983,0.251448432,1.511768857
0.739619798,-0.216366257,0.26349388,0.145635306
1.062244371,-0.210738287,-0.248815775,2.129413925
0.950073273,-0.22731575,0.255101312,0.471633614
0.881747945,-0.216452978,0.229463036,2.110052843
0.546891141,-0.206450088,0.245219924,1.241897976
0.794640421,-0.232251369,0.251746893,2.303415605
1.038065032,-0.2023648,0.222461154,0.411398133
0.860020069,-0.235993742,0.268944759,2.509982608
0.794428407,-0.225159502,0.099650804,2.033382802
0.942853236,-0.228011695,0.266644257,-1.682096717
0.858907277,-0.207540293,0.248359958,-0.577370673
0.454533868,-0.213450427,0.258622381,1.058304145
0.68903587,-0.224514203,0.253982341,0.124914984
0.678759025,-0.061891957,0.222106406,0.782649051
0.939233843,-0.19880102,0.158807898,2.399478605
1.055905019,-0.213423857,0.260356718,0.285934776
0.547298046,-0.209507395,0.239115782,0.032581754
1.25903014,-0.208977862,0.220218815,1.131632852
1.068644366,-0.220463083,0.251115776,0.321153414
0.74005259,-0.229280564,0.268940628,0.402323139
0.603367944,-0.220045998,0.259758838,-1.054271925
0.752132159,-0.207141729,0.204272896,1.515230184
1.062974575,-0.234473987,0.276775106,-0.228104259
1.06232291,-0.216874086,0.252409592,1.419028906
1.055376633,-0.132141816,0.298026845,0.364414881
0.886381946,-0.228043562,0.264882153,0.186580465
-0.618904363,-0.23384287,0.241277415,0.984964546
1.061452765,0.286348191,0.295323353,2.989258607
1.095595813,0.077449633,0.226362066,-0.629946655
0.54704811,-0.208886302,0.249022684,0.761343864
0.112407053,-0.220613805,0.269715149,2.653599708
0.547769927,-0.224134252,0.263952533,-0.584450581
0.740873066,-0.230644398,0.271973246,-0.071015552
1.067235893,-0.000549388,0.219902308,2.314117885
0.882883207,-0.215638571,0.243325366,0.644871683
-0.619226864,-0.220114265,0.215917563,-0.054519988
0.922267769,-0.211312845,0.244953468,-0.308304898
0.808762302,-0.211686464,-0.257921523,-1.807068898
0.93152875,-0.217291247,0.17529656,-1.548477992
1.054967737,-0.194204317,0.210058446,2.209193004
0.532555823,-0.051669516,-0.40211723,0.815364052
1.062750768,-0.220957289,0.254408816,-0.810693702
0.604644017,-0.225993838,0.264272503,0.530712659
0.930134269,-0.189427963,0.074663403,1.324142278
1.062420212,-0.055970189,0.236336396,1.848634887
0.93028715,-0.208679454,0.244521465,1.020895859
0.871586229,-0.067982169,-0.406809514,1.558295787
0.453767594,-0.051917402,-0.401089706,1.750799845
0.113021915,-0.251237241,0.29778792,-0.091111763
0.938990089,-0.1935859,0.159468546,-0.363287189
0.112513772,-0.214940975,0.258085092,2.461063417
0.885519305,-0.210030327,0.246256597,0.761695486
1.061636051,-0.051725978,0.22498679,0.121112359
0.672943642,-0.239730564,0.27254663,0.685721
0.927505727,-0.188257188,-0.013422011,0.714512281
1.055364672,-0.200934997,0.24402792,0.207108632
0.8827665,-0.20977291,0.235688931,1.618277658
1.057177712,-0.235250403,0.270142211,-0.294456902
1.05754882,-0.250006046,0.2933159,-0.394789374
1.067230741,-0.000453572,0.219859897,0.381465586
0.939272177,-0.199250215,0.158222745,2.399478605
0.410611071,-0.212373213,0.257887644,1.121538075
0.881673617,-0.213863426,0.230140817,-1.657084626
0.853038318,-0.246309498,0.293085143,-0.138062434
0.453829065,-0.05302636,-0.39941309,-0.057055336
0.145545033,0.279571527,-0.070100068,0.835919796
1.086947007,-0.198411558,0.232612014,0.977685874
0.540498685,-0.206453246,-0.259828594,0.408478888
0.930514728,-0.211578863,0.065220101,2.715393731
0.113083609,-0.252753426,0.299914826,0.590190157
1.062533942,-0.225153051,0.2648863,0.974103458
0.858996557,-0.049451786,0.23591869,0.678689819
0.264956044,-0.147786913,0.300697451,1.296652615
0.829180909,-0.222328765,0.247211608,1.192130884
0.858473497,-0.175130411,0.229276727,-0.862985583
0.983963661,-0.189783901,0.151029413,0.706418234
1.098733073,-0.232088169,0.261234735,-0.957775078
0.931719928,-0.240424624,0.253331604,1.291523229
1.086446186,-0.188692013,0.224771767,1.386498285
0.54018122,0.273428856,0.285759573,1.75691245
1.061194756,0.289115641,0.294728539,1.322863417
0.930243299,-0.265294768,0.020691089,0.711710814
0.883065986,-0.218610791,0.248164062,1.041636274
0.113103449,-0.236688119,0.281342231,0.519622188
0.883086912,-0.219201936,0.249122045,1.041636274
1.095586052,0.07785263,0.228578228,1.579039043
0.942122374,-0.208574155,0.207465543,0.12838786
0.740228047,-0.238551155,0.280087634,0.951195603
0.11242104,-0.221018373,0.270406781,2.653599708
1.056650111,-0.232913315,0.267192417,1.79927095
0.871009582,-0.055910496,-0.40795379,1.596759577
0.740220953,-0.238358889,0.279785556,0.951195603
0.85992871,-0.228824443,0.270211869,1.941714111
1.055924046,-0.213964392,0.261133125,0.003997584
-0.688385129,-0.250778989,0.296794274,2.04357123
0.671840594,-0.247408048,0.265065691,1.903038057
0.858149812,-0.19371094,0.202035031,1.134923461
1.099294339,-0.040809034,0.227017005,-0.472799834
0.85971789,-0.2249434,0.264163892,1.499186995
0.604307712,0.280819328,0.294100248,0.171688819
1.097651334,-0.231747014,0.27484708,2.335345606
1.055239102,-0.204870308,0.240108789,0.739941735
1.063723687,-0.209781524,0.209860608,1.984805204
0.838844286,-0.223086294,0.272087842,1.068930986
1.057011532,-0.241868218,0.274606717,-1.005031113
1.087960306,-0.222845065,0.2594572,-0.341950234
0.540323277,-0.046648698,-0.444225524,0.567281444
0.671903839,-0.248225097,0.264693098,0.375313342
1.102243336,-0.226021444,0.266693083,0.246073593
1.087104223,-0.200887263,0.23883932,0.056028304
0.906426273,-0.212268218,0.254613118,0.380119053
1.067251063,-0.000911263,0.219990809,2.314117885
0.348435589,-0.122455864,0.206524065,0.696749636
0.604747036,-0.225752147,0.261357074,0.540930975
1.061948203,-0.206144934,-0.249725137,-0.459403367
0.860015361,-0.23587614,0.268760161,2.509982608
1.063388353,-0.24087655,0.288969723,1.706358544
1.06223625,-0.21057046,-0.249024887,-0.85465199
0.532306331,-0.049262169,-0.40043786,0.797065828
0.83841784,-0.188776313,0.110686387,-0.522077529
1.06731665,-0.002475837,0.220373448,2.314117885
1.05545925,-0.207623408,0.228126645,1.206360793
1.062120436,-0.210937156,0.224407613,0.227372385
1.067240684,-0.000663675,0.219930258,2.314117885
1.055906285,-0.213469251,0.260403435,0.003997584
1.056481942,-0.207332591,0.097988973,0.273952449
1.063190972,-0.236419812,0.273723203,0.014073412
0.739623419,-0.219463743,0.264650445,0.933403318
1.003238545,-0.193942534,0.224725674,-0.014009133
0.113092144,-0.252966066,0.300220305,0.590190157
0.808785567,-0.21229009,-0.257117212,-1.807068898
0.540347748,-0.202353731,-0.268587198,1.085470789
0.113066757,-0.241598023,0.287178316,0.300640999
-0.618897854,-0.234053801,0.241590055,0.984964546
0.692032608,-0.23216448,0.279030908,-0.84752553
1.063078241,-0.227153542,0.259952151,2.090647773
0.938932526,-0.193191951,0.157217996,-0.027018422
1.0550679,-0.195906192,0.20885233,2.209193004
1.259121322,-0.196922379,-0.270648887,0.706418234
1.088419192,-0.231239286,0.268394972,1.678260877
1.062314366,-0.220886518,0.25773911,0.476789146
0.113073165,-0.241780142,0.28745783,0.300640999
0.582411768,-0.219778124,0.256286566,2.219266024
0.64884124,-0.047187809,0.23290419,1.585716408
1.067255893,-0.000865989,0.220092247,0.381465586
0.678689748,-0.21285621,0.236142653,0.164818642
1.055666221,-0.214089844,0.248774507,0.854972456
1.067303972,-0.002173404,0.220299484,2.314117885
1.086749733,-0.192723175,0.228286061,-0.425058343
0.691064648,-0.208876605,0.249926515,0.295312152
1.068279701,-0.099726399,0.049066621,1.578414943
0.8959579,0.197895642,-0.732579186,-0.319360384
0.11233956,-0.21842852,0.261945106,1.622395919
0.540127792,0.273494136,0.293257512,0.5829367
0.985839477,-0.212774136,0.251986069,-0.445155876
0.521375842,-0.075742546,-1.310421003,-0.625679893
0.113135844,-0.243312043,0.289609219,0.143581056
0.871573771,-0.067657477,-0.407256912,1.558295787
0.940286285,-0.230144458,0.266934298,0.289192574
0.11259578,-0.222969209,0.276070987,0.393442529
0.604236905,-0.246017506,0.283381533,0.569618172
1.057067584,-0.240403613,0.276092131,2.120594862
0.648248512,-0.036523756,0.229720522,-0.799202946
1.06280014,-0.223719897,0.266415214,-0.380555361
0.529396537,-0.215722009,0.25519859,1.9030799
1.062406889,-0.220007764,0.246404944,0.040488071
1.055572251,-0.21029873,0.242762802,-0.639217921
0.858889747,-0.049202575,0.242448258,1.55735804
0.740799997,-0.252647711,0.303363495,0.70533675
0.64858388,-0.042208696,0.229194071,1.040169488
1.061491298,0.286780102,0.297371575,0.364414881
1.147323526,-0.204221216,0.249320607,-0.286560993
0.532627027,-0.053864776,-0.399500005,0.815364052
0.671446692,-0.23783198,0.260488489,-0.673980147
0.691608532,-0.206999126,0.249504894,0.883069548
0.740491396,-0.219331758,0.265951954,-0.49522436
0.858953155,-0.04841309,0.23490554,0.678689819
0.603071685,-0.133423337,0.286497196,0.133912635
1.06838548,-0.213161839,0.24842191,-0.186902895
1.06234929,-0.216844253,0.261067682,1.147272863
0.936423748,-0.22905067,0.265997158,1.45039999
0.145051543,0.281407637,0.302609931,-0.683817609
1.055271938,-0.131686162,0.292095139,2.989258607
1.087860805,-0.213754157,0.239044551,-0.003173347
0.931640216,-0.219242065,0.179363034,1.950836789
0.808759956,-0.211625589,-0.258002636,-1.807068898
0.604008108,-0.222892537,0.256181799,1.561625974
0.751772295,-0.20275866,0.218949125,1.763434664
0.739746807,-0.222962564,0.269573188,0.208038939
0.484448407,-0.050832583,0.230826489,1.794969497
1.055776552,-0.217938769,0.257624123,1.171240308
0.45544273,-0.189189418,0.192847759,-0.441257375
1.062619337,-0.216921353,0.2496717,0.328088973
1.000688378,1.106804527,-0.007589727,0.102451283
0.648672062,-0.0438757,0.231242725,-0.317611391
0.540469961,-0.205681357,-0.260481563,0.408478888
1.062301975,-0.212221884,-0.247000566,2.129413925
1.06271356,-0.220660595,0.258427795,0.923768372
1.05520479,-0.201289408,0.219918575,0.578219231
1.061846012,-0.045075108,0.216078867,1.823210896
1.099521078,-0.20572937,0.240426986,1.019290186
0.738571223,-0.239581463,0.277448204,0.593361797
0.547503502,-0.215910738,0.253673436,1.103565123
1.097968282,-0.238863917,0.28518838,0.302908833
0.930373628,-0.210818165,0.241551867,-0.168015441
0.852367803,-0.231263498,0.266605691,-0.37085786
0.559432999,-0.216315062,0.254482401,1.577070465
1.061505906,0.286544918,0.297497404,0.364414881
0.969467341,-0.217408809,0.263409311,0.686854807
0.604111813,-0.240981647,0.281270159,1.122513837
1.087493145,-0.210754952,0.244786687,1.905525467
1.259139018,-0.199306003,-0.25919808,0.771595332
0.859022434,-0.050795425,0.231573042,2.026510685
0.859495609,-0.222600858,0.100195818,2.158081047
1.055814767,-0.21129752,0.253233434,1.003586706
0.968612799,0.288983885,0.290654039,-0.564155658
1.055268741,-0.199498911,0.242777368,2.047432013
1.055495863,-0.208663695,0.229630198,1.206360793
1.05525865,-0.131601985,0.291757075,1.027808695
0.603911347,-0.239203089,0.275207651,0.48275776
0.852405932,-0.231475724,0.265065541,2.385748385
1.061875355,-0.198958273,-0.252171503,0.641739543
0.236222952,-0.216003045,0.256350599,-1.183549516
0.859605025,-0.224394424,0.245189026,-0.780848333
0.752145345,-0.207495057,0.204762848,1.515230184
0.851871465,-0.221958493,0.257119449,1.323609199
1.06264671,-0.221141264,-0.240686568,1.849099905
1.062286209,-0.218132569,0.260855324,0.605206748
1.086673761,-0.193501115,0.230289465,-0.651243988
0.658920956,-0.211641622,0.163314616,-1.807068898
0.112318302,-0.223196078,0.270940649,1.061200339
1.088013589,-0.223859601,0.262792609,2.374878014
0.689752602,-0.222119593,0.258929971,1.384087631
0.966872242,0.072438957,0.192787887,-0.097482884
0.74542958,-0.265479542,0.041149495,1.190613864
1.055241609,-0.131408497,0.291462453,2.989258607
0.882222,-0.227915562,0.263487668,2.639676755
0.604280626,-0.246761186,0.283947997,0.312250571
0.930197536,-0.18834627,0.080378328,0.018157576
-0.618925293,-0.230547315,0.237893181,2.118178945
-0.16399641,-0.224413863,0.237371866,1.490380624
1.000632828,-0.201116593,0.322055882,1.433055794
0.113072687,-0.241765484,0.287435701,0.300640999
0.144596724,-0.151038932,0.298139701,-0.169743717
0.559466644,-0.216703175,0.249107575,0.373738865
0.795842071,-0.184372506,0.033204166,1.194754623
1.056162605,-0.226072304,0.261124314,0.506668559
0.540629044,-0.209260521,-0.260045554,0.02020075
1.064205745,-0.214945615,0.241570291,1.005146721
1.055248816,-0.13147448,0.291612802,2.989258607
1.100282217,-0.214034045,0.250563806,0.150579261
0.740931021,-0.231367163,0.274220404,-0.143571691
0.881273185,-0.195979895,-0.260031728,1.854385985
0.101875187,-0.233522129,0.237495276,-0.085349929
1.055403624,-0.132576338,0.298259324,0.364414881
1.061939043,-0.205897736,-0.250071783,-0.459403367
0.540359643,-0.202616956,-0.268363405,1.085470789
0.45377454,-0.052029859,-0.399035449,-0.057055336
-1.266873212,-0.19546779,0.215068853,0.269487853
0.747224572,-0.216761205,0.216917816,-0.73896106
0.453797385,-0.052492171,-0.399159373,-0.057055336
1.061831675,-0.200605231,-0.253391952,1.188920797
0.9311062,-0.228585259,0.264839857,-0.201263007
-0.61890063,-0.229384994,0.231941982,1.089084466
-0.618728476,-0.238154681,0.254406687,2.545983614
0.93642358,-0.22904658,0.265990818,1.45039999
0.938630469,-0.190136147,0.162884007,-0.024637108
0.583628264,-0.207672808,0.251866158,1.107676189
0.584835241,-0.492024942,0.101317948,2.176962519
0.484644008,-0.214902957,0.262879544,0.372281057
0.453984454,-0.088239461,-1.010814581,0.129398505
0.859588913,-0.211392446,-0.248540913,-0.884942662
1.055830859,-0.212618477,0.257225877,0.782280583
1.062330411,-0.19657061,0.075902464,0.724427047
0.939056842,-0.195199956,0.153117863,0.30058932
0.214850477,-0.207395926,-0.567603718,1.376115328
0.311884704,-0.2391003,0.287196697,-0.653220059
1.062904835,-0.211059182,-0.255832765,0.591473928
1.056366539,-0.209879351,0.101524494,1.142888723
0.746630727,-0.047398772,0.227298086,1.372105093
0.11308421,-0.252722829,0.299853081,0.590190157
1.211869631,-0.215559826,0.25556609,2.738842229
0.095389109,-0.044608709,-0.495361294,0.722495615
0.533337955,-0.23742636,0.272714388,1.138707283
0.311579084,-0.201362338,0.100571801,0.698978505
1.055375855,-0.132129289,0.298020143,0.364414881
0.83825293,-0.373699803,0.190875159,-0.338866121
1.086521909,-0.189377763,0.225420473,1.541835158
0.931554111,-0.218042956,0.176403468,-0.779590418
0.453783401,-0.052218152,-0.398843269,0.528339357
0.604928793,-0.234344091,0.277921354,0.208283213
1.061507932,0.286512307,0.297514851,0.364414881
0.310805758,-0.234119716,0.262533211,0.649492102
0.112415355,-0.220802999,0.270073493,2.653599708
0.929888247,-0.198925963,0.235254497,-0.834952736
1.086804763,-0.195568715,0.231546559,0.139067564
1.061904886,-0.186520759,0.079539259,0.408430525
1.061561848,0.285644314,0.297979247,0.364414881
0.11306739,-0.241617437,0.287207626,0.300640999
-0.618922705,-0.230619566,0.238006076,2.118178945
0.852243488,-0.226764378,0.253112018,1.187201935
0.808777982,-0.212093302,-0.257379426,-1.807068898
0.739137273,0.181688138,-0.714992475,1.735864057
1.062470256,-0.204266983,0.102078744,0.458290601
0.311541614,-0.231529306,0.276774413,1.48062302
0.930998217,-0.22897645,0.261507838,-0.462203963
0.740056369,-0.229380925,0.269093277,0.402323139
1.086560847,-0.190246995,0.225884205,-0.459560164
0.950568031,-0.240009753,0.272902324,-0.640862139
0.882247898,-0.228591816,0.264610841,0.956571857
1.063012867,-0.238726963,0.277735596,-2.245379892
0.557245761,-0.172533647,-1.309488526,1.981284345
1.061558382,-0.200798135,0.222908206,0.690661744
0.994514707,-0.205118,0.076289347,-0.314570188
0.265521143,0.281299536,0.303820917,0.461716493
1.062053207,-0.208063735,0.246565638,-0.003619446
0.885474725,-0.212220348,0.255837649,0.524888903
0.865429075,0.425247478,-0.116993453,0.633742936
0.939242419,-0.19801988,0.152788065,0.45855756
1.000856588,-0.029156041,-0.13905047,0.595249945
0.858606389,-0.204342212,0.246214046,0.801238583
1.062479724,-0.204593679,0.102590015,0.458290601
1.067261051,-0.001149541,0.220049084,2.314117885
0.859472569,-0.22510691,0.264000949,2.625734733
0.440381634,-0.238892952,0.281121059,0.814777627
0.942153461,-0.21383735,0.245649463,0.245175445
1.055398785,-0.205669705,0.240002672,-0.108140769
0.883096248,-0.219465639,0.24954939,1.041636274
0.690706055,-0.200079908,0.067262677,1.610367784
1.055788888,-0.047180899,-0.443977561,1.811203367
-0.618803742,-0.23535351,0.243297775,0.581165958
0.794823716,-0.235213112,0.251131388,2.310807885
-0.61854091,-0.239361022,0.246643634,0.27090912
0.888534208,-0.218439833,0.257760412,-0.315804953
0.71573613,-0.211700007,0.249138313,0.341605864
0.31157099,-0.21731626,0.239370945,-1.733266274
0.168854327,-0.023941661,-0.285566275,1.324780033
0.540346904,-0.202342368,-0.268597036,0.377824561
1.055608927,-0.208690375,0.216661497,1.002429408
1.055608927,-0.208690375,0.216661497,1.002429408
1.057095123,-0.235793961,0.275121942,0.015238755
0.808779749,-0.212139136,-0.257318354,-1.807068898
0.860029568,-0.232472218,0.250248802,2.311949536
0.930070358,-0.199622987,0.226870111,-0.412760166
1.062101372,-0.215073512,0.235836905,1.485455475
0.999539888,-0.17061681,0.061527285,0.828113656
0.67185029,-0.247673567,0.26550503,1.903038057
0.533072853,-0.230088746,0.265298643,-0.163647259
0.859629698,-0.231357089,0.268465597,1.07210517
1.057740827,-0.253227585,0.299233344,-1.210717794
0.881277751,-0.196077356,-0.259931742,0.777031949
0.794667507,-0.230359202,0.248564874,-0.802624086
0.144277235,-0.144898859,0.302003681,0.009700116
0.559764434,-0.22489692,0.265056818,1.790482735
0.85867881,-0.038764246,-0.404517491,0.909247379
0.98403695,-0.191532206,0.151456985,0.706418234
0.860017524,-0.235930169,0.268844969,2.509982608
0.112657495,-0.220097777,0.255329672,-0.216899807
0.794633405,-0.2292952,0.245524058,0.642675622
0.113066126,-0.241582416,0.287158571,0.692901694
0.532566605,-0.052001917,-0.401720935,0.815364052
1.062096827,-0.206964653,-0.247995939,1.471222353
0.658906146,-0.211263803,0.162801258,0.896263246
0.921394533,-0.204789459,0.247516983,1.107806657
0.930477141,-0.212623703,0.244034747,0.145800484
0.808025161,0.62571445,0.073421735,0.787419822
0.99451406,-0.205245432,0.076917389,-0.314570188
0.53338536,-0.241756572,0.28310191,1.920258965
0.870853555,-0.054370035,-0.405260342,-0.205208614
0.930726548,-0.202157319,0.165647499,0.158462887
1.061910002,-0.20942996,0.23879675,1.726537107
0.678617617,-0.212326533,0.241097638,2.128012551
0.101963869,-0.236175719,0.242359594,0.925911975
0.752131793,-0.20715529,0.204301759,-0.909806596
1.055446617,-0.20726445,0.227607834,1.206360793
0.604379488,-0.214922595,0.24930633,0.646876145
0.74095947,-0.246947366,0.291548972,1.468890697
1.030626299,-0.255590835,-0.238749211,0.023216288
0.604934975,-0.234518321,0.278219306,0.208283213
0.881657864,-0.213376418,0.229355327,-1.657084626
1.109707451,0.430780588,0.075226556,0.863629685
0.931709819,-0.221059414,0.176914455,1.78866337
0.871449865,-0.066737752,-0.400874695,0.773489214
0.883266164,-0.221728142,0.242162491,1.652915089
0.860977831,-0.258674164,0.313601794,-0.240101136
0.112932001,-0.223661752,0.275396355,-0.546559927
0.942193851,-0.216017502,0.247617789,1.982178221
1.089379244,-0.206844076,0.244267252,0.946039041
1.067301274,-0.00210904,0.220283743,2.314117885
1.062409775,-0.217583363,0.257716496,-0.239509984
-0.307467296,-0.067131944,-0.393452059,1.420106574
0.950625351,-0.239417281,0.266678302,-1.483959521
1.055244497,-0.131434936,0.291522698,2.989258607
0.659027499,-0.214988669,0.169161554,0.567920587
0.687988303,-0.18133762,0.074613185,-0.192059674
0.101657468,-0.231093411,0.23867735,1.218147753
1.056445739,-0.208447273,0.104124424,0.458290601
0.921772299,-0.129454536,0.285807579,1.881696744
0.113206967,-0.248450132,0.288328772,1.880933314
0.92975075,-0.180554816,0.07850023,0.734576569
-0.618776882,-0.234703374,0.239372101,2.051713493
0.311655084,-0.221624399,0.255573713,-0.201474566
0.511930726,0.650346904,-0.195709454,1.709513826
0.852495036,-0.232612986,0.261705258,0.593898521
0.559433444,-0.215621387,0.250010578,0.964867177
1.087023326,-0.202031506,0.241358628,1.201191293
0.859689848,-0.214535279,-0.241658272,-0.347492831
1.055288877,-0.131841242,0.292448501,2.989258607
0.869240676,0.460618159,0.14616604,0.545409032
0.930607125,-0.21817213,0.256350423,2.711775414
0.617639413,-0.222183784,0.257531341,0.457321986
0.473980246,-0.192496907,-0.307024969,1.503708697
0.858687521,-0.03890633,-0.40460478,0.909247379
1.056338113,-0.203997819,0.090028812,0.33288021
0.410596724,-0.205421527,0.236910219,-0.285759835
0.311974533,-0.23000232,0.266001557,0.593376337
1.063947046,-0.16975891,-0.056939179,1.617608496
1.061495569,0.286711336,0.297408366,0.364414881
0.985937668,-0.217846768,0.260707148,-1.033649019
0.921922748,-0.215636728,0.261727585,0.626512089
0.74032939,-0.218024798,0.264327136,2.423329593
0.113213476,-0.250104527,0.290678669,-0.646581403
1.063961098,-0.170178563,-0.056430997,1.617608496
0.88564094,-0.217185063,0.263210837,-0.577328785
0.113168351,-0.254786707,0.303495477,1.210518826
0.859931225,-0.219947925,-0.241786155,1.454233804
0.112244399,-0.215577946,0.257513686,1.622395919
0.894048894,-0.203532897,-0.250613627,1.32707386
0.740927787,-0.231279515,0.274082695,-0.143571691
1.147901816,-0.219773885,0.267147442,-0.345597534
1.042692296,-0.229963296,0.231394796,0.047974269
0.56032881,-0.205695019,0.050232308,1.357615049
0.648542266,-0.207900482,0.231629178,2.214721874
-0.559190731,-0.218205867,0.224442796,-0.841713483
0.671948666,-0.2503064,0.262217698,1.116385372
0.858863324,-0.208021009,0.249172789,0.58480503
1.06736788,-0.003697927,0.220672327,2.314117885
0.740699557,-0.225266171,0.265530439,-0.576729546
1.061471906,0.287092297,0.297204544,0.364414881
0.930740477,-0.21701247,0.262297998,1.822469233
1.063395414,-0.23917446,0.286282429,1.052288034
0.539751791,-0.190842314,-0.26728484,1.90669468
-0.607723614,-0.252462671,0.29621181,0.180026597
0.31159232,-0.222514104,0.259011417,0.066995746
1.056015666,-0.21714917,0.26164241,0.753790782
0.740065915,-0.229644106,0.269483098,0.402323139
1.056714881,-0.255380508,0.272258984,0.651059673
1.05544858,-0.133747805,0.293599915,-0.425211832
1.056364296,-0.220379073,0.23454468,-0.212263681
0.672959803,-0.24096967,0.282371047,0.347681084
0.584004892,-0.219852163,0.266764439,2.864640315
0.881895957,-0.216719614,0.238486776,-0.248011789
0.618232278,-0.230518493,0.255173425,0.244370157
0.310747785,-0.232070688,0.259374571,0.649492102
0.931532201,-0.217389503,0.175440946,-1.548477992
0.113129836,-0.226247091,0.2559179,1.356048428
0.986081911,-0.21300522,0.255703665,-0.136253117
0.808797256,-0.212593383,-0.256713085,-1.807068898
0.931661714,-0.244218886,0.278798503,-0.15410844
0.931350142,-0.224687637,0.260710496,-0.570364336
0.687048934,-0.231204531,0.271013439,1.742269509
1.055637932,-0.048627022,-0.439130651,0.795417071
0.985844064,-0.207252216,0.247135905,0.921529081
0.671861978,-0.24818124,0.265934942,1.518067591
1.055632713,-0.212013174,0.24530747,-1.525866824
0.983985947,-0.191607442,0.156237853,1.543553127
0.746918205,-0.208059567,0.20787732,2.673109338
1.06221304,-0.218107839,0.254405199,0.148212254
0.493429154,-0.225431938,0.256673027,1.299483568
0.540452189,-0.20520378,-0.260885562,0.408478888
0.931662206,-0.219787592,0.175007247,1.78866337
0.930068532,-0.185627536,0.158867116,1.260467792
1.056893284,-0.232703124,0.25901855,-0.58085488
0.930867185,-0.215476535,0.254880788,0.047518318
1.0618627,-0.206118059,0.222779611,-1.123065323
1.055742532,-0.211075424,0.249756338,0.804432155
0.311527235,-0.198728327,0.093660274,0.639291282
0.113068249,-0.241645294,0.287254877,0.300640999
0.85973839,-0.231958914,0.260942975,-0.028331179
1.087714784,-0.214196048,0.243847418,0.671232093
1.055438721,-0.206025967,0.227744618,0.934364426
0.503584407,-0.20191303,0.231774865,0.522514548
0.930324174,-0.225384822,0.078685305,1.077909552
-0.618907373,-0.233745304,0.241132804,0.984964546
0.930110108,-0.204463637,0.247071067,1.734852216
0.883120685,-0.220337424,0.251030349,0.048875981
1.055857276,-0.217117516,0.253114589,-1.325714576
0.689061364,-0.224624545,0.25719562,-0.192239065
0.311058326,-0.238296662,0.286736948,-1.495410775
1.057167303,-0.24539085,0.265536064,1.6679426
0.938589653,-0.189243092,0.160078647,2.778695409
0.837928803,-0.196392669,0.229420604,-1.159447639
0.882982822,-0.217205075,0.239183774,-0.489226881
1.061489644,0.286806729,0.297357329,0.364414881
1.05713939,-0.241780591,0.276428316,-0.736944103
0.882659394,-0.206824045,0.224145215,0.417517809
1.06158622,-0.179608965,0.222283577,1.009546832
0.883102289,-0.219636311,0.249825972,1.041636274
1.057192651,-0.243981116,0.279704966,-0.036562331
0.930164737,-0.204499653,0.232808212,-0.576998953
0.740647515,-0.235261205,0.280106476,-0.688071765
0.73998495,-0.221549199,0.256307372,1.656699789
0.11306939,-0.241678742,0.28730018,0.300640999
0.689033717,-0.224465305,0.253901939,0.124914984
0.752433722,-0.2135549,0.213185842,1.888807871
1.063085771,-0.229018678,0.267509934,0.397533101
-0.619120783,-0.222683342,0.223155407,0.774008904
0.883100676,-0.216313405,0.088466897,-0.788397352
0.938651912,-0.187444788,0.154603771,2.259590157
-0.661338739,0.003659317,-0.832883526,0.840641234
0.144529376,-0.150101279,0.310726982,1.200675717
0.87160474,-0.068464638,-0.406144713,1.558295787
0.930835323,-0.199502996,0.16214969,2.397062448
0.112735554,-0.221008294,0.257926009,1.27839742
0.751751702,-0.202178284,0.218047395,1.763434664
0.380932559,-0.201988468,0.216061826,2.194262756
0.93145456,-0.235319971,0.25306331,-0.012421699
1.055997374,-0.212883136,0.245229335,0.710259999
0.112427779,-0.221232012,0.270749449,2.653599708
0.739619727,-0.219358573,0.264487501,0.933403318
0.145185666,0.278695705,0.294187117,2.15206018
-0.619118161,-0.222754479,0.223267061,0.774008904
0.808780921,-0.212169557,-0.257277818,-1.807068898
0.540454997,-0.205279236,-0.260821731,0.408478888
1.062237031,-0.195537816,0.078435783,-1.031883629
1.056492657,-0.210066252,0.106658085,0.458290601
1.067277186,-0.00153443,0.220143214,2.314117885
0.931676679,-0.247860614,0.287560797,1.081786765
0.808807097,-0.21472483,-0.24858146,0.482915309
1.055779226,-0.05206246,-0.429002687,0.419157246
0.614806263,-0.19040387,-0.262149595,0.044585626
0.53338956,-0.239044526,0.278390358,1.836239039
0.942272833,-0.217770817,0.256677018,0.785419779
0.658943996,-0.212239423,0.164111165,-1.807068898
0.532627488,-0.053878984,-0.399483067,0.815364052
1.062014148,-0.208113839,0.245571556,0.32630027
1.056477433,-0.209149533,0.107163729,1.744785149
0.909337058,-0.208774321,0.245830329,-0.767784693
1.06149059,0.286746944,0.297551526,1.079776152
0.79426049,-0.222367289,0.245345246,0.599332559
1.055676801,-0.212389607,0.242323916,0.011560383
0.101882548,-0.234188374,0.238596966,2.520669285
1.061498895,0.286657797,0.297437011,0.364414881
0.112603477,-0.223138999,0.2763594,0.738185166
0.604280689,-0.246786956,0.283958897,1.336412727
0.724431263,-0.233513097,0.254322438,0.42184012
0.859159476,-0.219610839,0.258703338,0.516441121
0.540544834,-0.048468084,-0.441039321,0.879644214
0.101558523,-0.226215557,0.232439121,0.153470137
0.689027941,-0.230692371,0.272002951,-0.613334789
-0.619323591,-0.06360358,-0.411722601,-0.810881891
0.660110591,-0.25730971,0.28126132,0.455459795
1.056784723,-0.225863955,0.258026933,1.920514519
1.061755766,-0.205141763,0.228851093,-0.020770541
0.931438723,-0.23260003,0.249581616,-0.687583572
0.571051393,-0.210654339,0.180709356,-0.376120457
0.541179377,0.291809533,-0.060028692,1.67832677
0.568519521,-0.225671121,0.253089857,-1.154489336
1.067308391,-0.002278817,0.220325264,2.314117885
0.740434447,-0.242740333,0.291279909,0.442722776
1.087612249,0.87831804,-0.155985328,0.341793811
-0.307494593,-0.066757264,-0.394214895,1.420106574
0.573676089,0.016933539,-0.14253902,-0.877539317
0.92956803,-0.177115672,0.071615629,1.791119652
0.75217875,-0.208390123,0.206004014,1.515230184
0.145297911,0.284299087,-0.056998639,0.137295881
0.310164868,-0.21649121,0.226496313,1.101464849
1.067349762,-0.003265739,0.22056663,2.314117885
0.453749961,-0.051580665,-0.39886522,-0.057055336
0.604058413,-0.222277149,0.256971145,0.867935475
1.061536056,0.28605954,0.297757092,0.364414881
0.871521713,-0.062844307,-0.42579809,-0.518165226
1.087123124,-0.203080899,0.245849637,0.41097366
0.85845766,-0.199728564,0.241946462,0.421921434
1.05564014,-0.137193102,0.291180992,-0.086845157
0.931105849,-0.228575629,0.264823924,-0.201263007
0.145994942,-0.228901561,0.256880962,-0.011655016
0.942094592,-0.205886658,0.20575144,3.187448166
1.05715483,-0.236900392,0.273849979,0.90691209
0.881776042,-0.217321593,0.230864015,2.110052843
0.236192079,-0.215193049,0.237576169,0.604068262
1.062750179,-0.221176326,0.256176626,1.721300237
0.808609125,-0.219990119,0.239043477,-0.363760406
0.900128497,-0.226700963,0.251157367,1.853217613
0.859566411,-0.229198291,0.274895495,-0.684836673
0.311456228,-0.219149628,0.252154277,0.391871734
0.852502215,-0.232781611,0.262003136,0.593898521
0.144326293,-0.145795449,0.301663903,0.009700116
1.061491299,0.28678008,0.297371587,0.364414881
1.061197883,0.422366316,0.071748033,1.578567672
1.087633023,-0.21573058,0.255637925,0.891109382
0.740363565,-0.237688339,0.27843681,0.936619542
1.259181903,-0.19836754,-0.270295453,0.706418234
0.605330459,-0.231305496,0.278775731,0.671357802
0.930435548,-0.211486087,0.242097751,0.145800484
1.055228297,0.412163088,-0.146651192,0.142398694
0.93909117,-0.221351581,0.261512582,-0.879162172
1.062376168,-0.219269106,0.265439301,2.44904691
1.055613272,-0.213190034,0.256197038,1.71960989
1.061504198,0.286572427,0.297482685,0.364414881
1.062700333,-0.227488893,0.261972944,-0.284538419
0.617092243,-0.210587407,0.25504206,0.141281477
1.182406814,-0.217653804,0.231110393,-0.382191063
0.113072738,-0.252403434,0.29939495,0.588654746
0.311676683,-0.218540385,0.239791793,-0.705470173
0.894067415,-0.20501712,-0.250291626,-0.388876505
0.858603252,-0.037531834,-0.403760364,0.909247379
0.112240935,-0.215479239,0.257360755,1.622395919
0.113090728,-0.252971717,0.300244387,0.590190157
0.671641003,-0.2407461,0.109623517,3.478371905
0.14511285,0.280531443,0.30226667,-0.683817609
0.938846752,-0.193942381,0.159212888,-1.07947022
0.858610834,-0.204438005,0.246372691,0.907282114
0.808550821,-0.214977115,0.227806761,1.958859309
1.061969831,-0.202704411,-0.253676935,-0.316127651
1.087474888,-0.210073791,0.2456978,2.337803013
0.615053195,-0.195344535,-0.261825054,1.330170853
0.453949505,0.273792691,0.283444416,1.308379408
1.067284923,-0.001471542,0.220301287,0.381465586
0.649133697,-0.056809899,0.245053303,-0.963160224
0.95057018,-0.240053834,0.272996489,-0.640862139
0.144408963,-0.147964466,0.294254026,1.688007721
1.057216011,-0.238840056,0.273419166,1.29947253
0.859501603,-0.227520382,0.269453718,1.03869545
1.062353884,-0.222350405,0.260555169,1.937667214
0.311392689,-0.197517398,0.084620381,0.173456589
0.732833685,-0.243221377,0.011608709,1.398319114
0.688977468,-0.22778364,0.267206508,-1.469650804
0.540445359,-0.205020237,-0.261040827,0.408478888
0.311391207,-0.232487,0.270869051,-1.437660346
0.930211801,-0.264302217,0.022403972,1.43711043
-0.618904363,-0.23384287,0.241277415,0.984964546
0.93001813,-0.184575663,0.070946428,2.645040506
0.859495267,-0.2273621,0.269205264,1.03869545
1.087715782,-0.215009777,0.246731152,0.178130393
0.672199925,-0.257343194,0.279238486,-0.052519977
1.055418541,-0.132816497,0.298387815,0.364414881
1.05540962,-0.131949712,0.287712474,0.38153673
0.112289207,-0.216870308,0.259610095,-0.031470635
0.921733364,-0.130212646,0.295245269,1.209436368
0.658935738,-0.21202517,0.163825679,-1.807068898
0.930438198,-0.211558572,0.24222117,0.145800484
0.930673761,-0.215568671,0.248782836,0.973180024
0.532326253,-0.047324843,-0.397975665,2.748310113
0.85921634,-0.219564848,0.259410208,1.050388544
0.932500345,-0.255155104,0.015769987,-0.306665451
0.931342856,-0.226119503,0.246297795,-1.196947492
-0.618875793,-0.234768819,0.242649848,0.984964546
1.062234906,-0.210494522,-0.249114027,2.129413925
0.618308061,-0.229483238,0.25754855,-0.676018452
1.067241072,-0.000672941,0.219932525,2.314117885
0.885476106,-0.212252875,0.25588798,-0.116546711
0.440007355,-0.22807183,0.259808203,-0.333546527
1.084724132,-0.220017455,0.245285623,0.589909299
0.603705621,-0.232496618,0.265319255,1.274434244
0.112421544,-0.221032965,0.270431727,2.653599708
0.603928736,-0.234810846,0.26804228,1.066801028
0.740050474,-0.228871529,0.268410191,1.172744019
0.525707978,-0.229533789,0.265585381,0.953593507
0.671848893,-0.247635303,0.265441717,1.903038057
1.086996799,-0.199393592,0.23998947,1.115336819
0.859135827,-0.193686088,0.077254923,0.226974213
0.740053317,-0.229300396,0.268970221,0.402323139
0.859142723,-0.193862521,0.077503932,0.226974213
1.113573321,-0.209937663,0.252481471,3.207466
1.054912425,0.419594583,-0.159141221,-0.499239226
-0.618922772,-0.230617702,0.238003164,2.118178945
1.057137406,-0.24100286,0.283041537,2.281360708
1.062227904,-0.197474532,0.08922027,-0.159804553
0.584124305,-0.222591572,0.266439488,0.371168784
0.808806646,-0.212837013,-0.256388458,-1.807068898
1.055479421,-0.208196522,0.228954981,1.206360793
0.689670585,-0.218074898,0.26603311,0.072940661
0.930994507,-0.221974968,0.263088737,-0.406435219
0.859163469,-0.049963171,-0.39572345,0.581826124
0.950803451,-0.246383075,0.282962771,1.328868709
1.052724624,-0.218325344,0.24834641,1.123484046
1.087732615,-0.216218891,0.255997315,-0.561760302
1.099074802,-0.181192119,0.07738855,0.342238736
0.859973814,-0.21993422,-0.247169462,1.78866337
-0.618896602,-0.231348364,0.239144855,2.118178945
1.055374036,-0.131293969,0.28705183,0.38153673
0.809036931,-0.235276586,0.249238316,0.409554364
1.056362684,-0.239727354,0.105564373,0.584879034
1.061934153,-0.20579346,0.249275707,-0.134525075
0.950565926,-0.239966578,0.272810093,-0.640862139
0.540400056,-0.203511275,-0.267603057,1.085470789
0.881430285,-0.214481215,0.027871777,0.442732397
1.06950999,-0.231544856,0.275287645,1.543136781
1.061939191,-0.046904203,0.23018658,0.795417071
0.794884213,-0.239764825,0.267126255,-0.912099621
0.310763558,-0.224280907,0.256783784,-0.0748172
0.310823976,-0.229542145,0.268148855,-0.723012096
0.740053124,-0.207923467,0.244878408,0.670953567
1.054942522,-0.200283892,0.236413023,-0.640601433
0.871572397,-0.067621649,-0.40730628,1.558295787
0.886049277,-0.224959248,0.264579141,1.01547888
0.89408337,-0.211518455,0.251857317,1.095692284
0.808770567,-0.211900899,-0.257635796,-1.807068898
0.858941243,-0.048128015,0.234627477,0.678689819
0.671845084,-0.247531019,0.265269164,1.903038057
-0.030729845,-0.238032443,-0.613378983,-0.63201797
0.604934387,-0.234546314,0.278223949,0.201532889
1.067324084,-0.00265318,0.22041682,2.314117885
0.930388291,-0.186370052,0.064114415,0.918154001
0.882186665,-0.225938683,0.257514858,-0.279022821
1.098743009,-0.232385529,0.261684847,-0.957775078
0.740222789,-0.229441313,0.26932677,2.516002327
0.112256402,-0.215919935,0.258043544,1.622395919
0.985443034,-0.194836757,0.231213488,-0.289158893
0.560325078,-0.20558034,0.050052168,1.357615049
0.92993918,-0.184088116,0.075299145,1.86462858
1.098028202,-0.211070286,0.2492015,1.815845259
1.101107355,-0.255497315,0.319079695,-0.336298775
0.671599774,-0.240016123,0.25125875,1.226234347
1.063128214,-0.235291785,0.270830286,1.445965494
1.055595091,-0.221460727,0.260301249,1.871529773
0.794897035,-0.24011592,0.267707191,-0.912099621
0.688068567,-0.268337568,0.020012923,0.03670897
0.909497189,-0.228067195,0.087305634,-0.87363773
1.099068213,-0.181016931,0.077122622,0.342238736
0.113066478,-0.241589452,0.287165375,0.300640999
0.217597654,0.280127319,0.226865761,1.190658498
0.203779434,-0.24641819,0.282405597,1.531320251
1.067347758,-0.003217927,0.220554936,2.314117885
0.922441718,-0.211797026,0.242388903,-0.209013326
0.671307437,-0.233213479,0.248861056,0.552180299
0.671847571,-0.247599096,0.265381808,1.903038057
1.088140294,-0.223747895,0.256168309,-0.19349552
0.859501593,-0.227520151,0.269453355,1.03869545
0.894039503,-0.21302628,0.235648461,0.690144065
1.067248122,-0.000841106,0.219973652,2.314117885
0.60426475,0.276941788,0.290070971,0.442777834
1.062228857,-0.210338726,-0.249304645,2.129413925
0.689660934,-0.221038695,0.268964981,2.864640315
0.532576881,-0.052318729,-0.401343227,0.815364052
0.808765283,-0.211763808,-0.257818464,-1.807068898
0.326474645,0.196261681,-0.73524016,-0.189826592
1.087092549,-0.202270074,0.242769471,-1.414123892
1.062419968,-0.220358753,0.257810048,0.872336091
0.532691436,-0.086872411,-1.007960082,-1.074266929
0.453841401,-0.085141886,-1.006236572,-0.971769398
0.930174372,-0.18390207,0.057869549,-0.607099676
0.985770875,-0.209786905,0.257076084,-0.834773769
0.985881841,0.30815663,0.061760544,1.121518687
1.099890526,-0.179856757,-0.668442221,0.637937129
0.930428173,-0.21898829,0.079450238,1.858015428
0.859456477,-0.21848936,0.241831815,0.287613441
0.899910272,-0.168131722,-0.358624822,0.869974085
1.061927103,-0.205622445,0.249014157,-0.134525075
0.672689454,-0.233485079,0.26161947,-0.062664395
0.893606117,-0.204987711,0.237964494,0.748916968
0.858947593,-0.208884031,0.243516019,-1.062147316
0.123179299,-0.229330254,0.242064333,-1.564543669
0.311212325,-0.238989395,0.271720918,-0.918673589
0.749018648,-0.210305206,0.250512312,2.493070352
0.532259963,-0.20535369,0.230844269,0.595855819
-0.306187912,-0.041181134,-0.549310401,0.055978878
1.259132923,-0.197199122,-0.270581206,0.706418234
1.067236025,-0.000552538,0.219903078,2.314117885
0.53286649,-0.088388517,-1.013770958,2.00687573
0.752509887,-0.055618669,-0.434391436,-0.791134099
0.942390909,-0.219547535,0.251325125,-0.789992791
0.605809237,-0.044283276,-0.275381876,0.489330837
0.745611258,0.648526857,0.069019471,1.312654935
0.94250719,-0.223272941,0.260290071,0.272530418
0.95039341,-0.234773533,0.275368714,0.433666296
0.92904522,-0.225445423,0.259979162,-0.228460355
0.312162618,-0.232459946,0.276907593,1.286616533
0.439450926,-0.356077862,-1.025124156,0.533781512
0.943366113,-0.212020239,0.259253655,1.451183422
0.181067612,-0.106493816,0.271025812,0.242677965
1.062224121,-0.210216744,-0.249453893,2.129413925
0.938711044,-0.188428193,0.155143723,2.259590157
0.85905576,-0.21059544,0.233361222,1.411772673
1.054949101,-0.193757744,0.209704076,2.209193004
0.873067131,0.276234181,0.295125338,1.39766743
0.31045198,-0.223070148,0.248043923,0.333159803
0.658935169,-0.212010405,0.163806006,-1.807068898
0.144059696,-0.14308097,0.304607908,-0.683817609
0.532608973,-0.053308139,-0.400163637,0.815364052
0.573529935,0.019149087,-0.146202771,-0.95141023
0.604092103,-0.224852462,0.261091384,1.375071847
0.930708267,-0.223515052,0.273817551,0.581820378
0.859507924,-0.227678295,0.269701591,1.03869545
0.689454636,-0.194079567,0.096324715,0.772323788
1.062734397,-0.220585863,0.256881902,0.585990276
0.112255428,-0.215892182,0.258000546,1.622395919
1.063090326,-0.232100278,0.272497768,0.417487708
0.930686237,-0.220081616,0.26974009,1.538513728
1.055966325,-0.214349051,0.07917074,0.344960961
1.088615662,-0.233710897,0.277495741,0.907299825
0.113085665,-0.252816483,0.300010026,0.590190157
0.929995797,-0.183898303,0.070137765,2.645040506
1.062264103,-0.211246494,-0.248193974,2.129413925
0.859743942,-0.228477304,0.266439335,-0.403910632
0.532954285,-0.22258755,0.229318978,2.196165366
0.603262409,-0.146336108,0.304644488,-0.038556901
1.099770607,-0.232896083,0.273046999,-0.49298213
0.11303185,-0.251545457,0.298256838,0.865029369
1.055341284,0.413119687,-0.148627938,0.43051055
0.604869683,-0.232257184,0.274829453,-2.290902999
0.145193833,0.279553001,0.297546799,-0.037562685
1.00007408,0.18516761,0.060861064,0.464224768
1.061484226,0.286893957,0.29731066,0.364414881
-0.352777486,-0.224264314,0.269115664,1.484511997
1.057094976,-0.241154655,0.277360941,0.780029551
0.739509476,-0.213574013,0.255562088,0.642443795
0.1013536,-0.213155441,0.242644304,0.816028697
0.859282701,-0.197981923,0.076521405,-1.320575187
1.099931947,-0.038277581,0.230197259,1.298712528
0.930443553,-0.211699436,0.242467123,0.747569535
0.816487837,-0.205414429,0.247554911,-0.110271089
0.112415554,-0.220878415,0.270144954,2.653599708
-0.618901938,-0.233921461,0.241393902,0.984964546
0.45361469,-0.049390918,-0.402809863,-0.205208614
1.033262017,-0.167129496,-0.606606402,1.235151795
0.930454865,-0.212004665,0.242950423,0.747569535
0.144104321,-0.144115583,0.305625589,-0.683817609
-0.618678912,-0.236733772,0.242983257,0.978724916
0.112579628,-0.221053795,0.271648412,-0.039324282
0.931165084,-0.231713573,0.264452755,1.568174536
0.454208586,-0.061235488,-0.390868378,2.470213005
0.112014917,-0.204401997,0.246907908,-0.677777414
1.171656748,0.09877651,-1.143503277,-0.086484659
1.088070155,-0.225061725,0.266333154,0.144569394
1.055541898,-0.047525174,-0.433134426,-0.843700217
1.098122844,1.251832842,-0.116407752,-0.487400016
1.055843847,-0.218636312,0.254935208,0.361907539
1.055855823,-0.213943773,0.256689129,1.809028912
0.671855138,-0.248664938,0.259557018,1.414528696
0.931792819,-0.24679147,0.275710267,-0.007558166
0.689456861,-0.211013741,0.257619064,0.967018651
0.950520459,-0.238638341,0.270736041,1.396367477
0.671631128,-0.241445542,0.257614065,2.323472455
1.05731721,-0.239763644,0.28183276,1.408509054
0.80878138,-0.212181456,-0.257261964,-1.807068898
-0.618905747,-0.233798006,0.241210919,0.984964546
0.511970435,-0.229777252,0.270976643,-0.071290471
0.310701029,-0.230131719,0.254476405,1.07533002
0.883040804,-0.217889425,0.235758388,0.466231359
1.055917341,-0.213777478,0.26085767,0.003997584
0.939136612,-0.198212812,0.162691393,0.408478888
0.724465361,-0.235289164,0.260455882,0.307148418
0.9304715,-0.212469426,0.243772063,0.145800484
0.112991414,-0.227508428,0.266615942,-0.775884328
0.113070155,-0.24168329,0.287318131,0.692901694
0.808776926,-0.212065899,-0.25741594,-1.807068898
0.532603112,-0.053127456,-0.40037905,0.815364052
0.547024662,-0.208924549,0.24873936,0.392448834
1.055445446,0.412473984,-0.153351859,1.071111472
1.061964653,0.276367975,0.293472079,-0.466968767
0.888659304,-0.065997252,-0.625368698,0.43488227
0.112418052,-0.220931941,0.27025902,2.653599708
0.311321035,-0.211596689,0.235899564,0.196923908
1.097002835,-0.235776722,0.000225099,1.260562845
0.310786417,-0.232707707,0.25928224,1.255300832
1.035051199,-0.22431198,0.262346345,0.447914637
0.93088737,-0.20090164,0.163332852,2.397062448
1.048021143,-0.220085875,0.250062981,1.980737335
0.559382781,-0.214823252,0.248842818,2.330750866
0.859768579,-0.225361848,0.262987137,2.15289145
0.883074955,-0.218816031,0.237212752,0.466231359
0.532602054,-0.053094824,-0.400417954,0.815364052
0.265582696,0.281965448,0.296948133,2.070784073
0.929836685,-0.193915294,0.228925,-1.111615781
0.145244944,0.278594727,0.297925365,-0.037562685
0.939089572,-0.197184716,0.162396899,0.408478888
0.930607856,-0.189378938,0.080440759,2.812223317
0.113083469,-0.252700089,0.29981875,0.590190157
0.53230964,-0.047679484,-0.400524417,0.892606356
0.882222438,-0.227900929,0.26364938,1.468951655
0.689580501,-0.211228178,0.25050086,0.752622144
0.739498568,-0.213312608,0.255120069,0.642443795
0.983946224,-0.189367934,0.150927682,0.706418234
0.112453512,-0.220174081,0.265394501,0.513759976
0.453811538,-0.052706038,-0.399291699,-0.057055336
0.93012901,-0.202661709,0.242616774,0.136906738
0.983951457,-0.190666342,0.155714291,1.543553127
0.690763856,-0.200809355,0.067494497,1.610367784
0.671864239,-0.248239385,0.266027665,1.518067591
0.689214896,-0.232811015,0.272860379,-1.019948402
1.087717546,-0.214256998,0.243945641,0.671232093
0.858136368,-0.188323954,-0.105149216,-0.83491884
0.381638667,-0.22236849,0.259532468,0.035718153
0.939469609,-0.218866695,0.272370349,-0.057098691
1.055555827,-0.210647096,0.244196791,1.767177661
1.031282452,-0.214456263,0.246007755,2.134379161
1.062552864,-0.223629638,0.269705549,0.386936555
1.0843172,-0.214833445,0.260241248,0.417132927
0.724435448,-0.237288798,0.268441014,2.266797455
0.540487048,-0.205914944,-0.25999536,-0.604503404
1.055917958,-0.213794675,0.260883013,0.003997584
0.894084688,-0.214211535,0.237276941,0.690144065
0.929912917,-0.183371035,0.074981094,1.86462858
1.099793979,-0.219336142,0.247586716,0.855779553
1.055883884,-0.278979178,-0.036233648,1.914808596
1.19075935,-0.205176725,0.242169233,2.229125084
1.055541382,-0.209648772,0.245072997,-0.352545132
-0.007485764,0.279879639,0.238037264,1.158857079
0.583753671,-0.214001174,0.256535422,1.337610116
0.112413243,-0.220792854,0.270021243,2.653599708
0.822398992,0.146706343,0.113641384,0.043964207
0.84515577,-0.259539308,0.296286551,1.822012625
0.808808445,-0.212883712,-0.256326233,-1.807068898
0.931014409,-0.205776317,0.173561101,1.41015148
0.838434496,-0.210371463,0.253427781,1.150559272
1.03426668,-0.201879974,0.233277331,0.208025084
1.097556283,-0.230098883,0.273004153,0.887960873
0.68915236,-0.231164114,0.269124111,0.624789827
1.084674319,-0.22013741,0.251486529,-0.045942525
1.06246314,-0.225082378,0.25592177,-1.716584267
0.114281719,-0.253328796,0.292296513,1.74438324
0.858604899,-0.205437464,0.243954947,1.526536621
1.057061797,-0.233065459,0.274634196,0.483207022
0.671859164,-0.247916559,0.265907095,1.903038057
0.672558133,-0.228203295,0.249479376,0.717918862
1.062383745,-0.218152678,0.249283936,-0.39591244
0.12126011,-0.218940131,0.239308724,1.064878029
0.113071178,-0.241733575,0.287382963,0.300640999
1.06147721,0.287006904,0.297250231,0.364414881
0.983983022,-0.190245758,0.151142366,0.706418234
0.930480357,-0.212711686,0.244184553,0.145800484
0.739266074,0.179947209,-0.714121083,0.584998916
-0.618893762,-0.234186418,0.241786619,0.984964546
1.061484226,0.286893957,0.29731066,0.364414881
1.063094721,-0.229777709,0.267830166,0.97100918
0.892054847,-0.224616422,0.260929446,-0.266632569
0.747198114,-0.217162627,0.21684136,0.285574245
0.930885017,-0.200838402,0.163279358,2.397062448
0.144348318,-0.146197976,0.301511359,0.009700116
0.930453982,-0.21198956,0.242928052,0.747569535
1.062536051,-0.217419833,0.255435332,1.283170154
1.06216888,-0.216673669,0.252492711,-0.416692077
0.949668538,-0.056199591,-0.285599661,0.059748433
0.931614216,-0.220051191,0.180268212,-1.443100369
0.689180081,-0.188484911,0.086176187,0.43426856
0.532876589,-0.058151771,-0.408790272,1.469180493
0.711846898,1.054304378,-0.497256225,-0.127010919
0.74667424,1.724367317,-1.294092525,0.46755549
0.72323076,1.038992108,-0.384909541,-0.510213328
0.750859348,0.09227669,0.827609297,0.950779931
0.746930909,1.3790478,-1.101758039,0.191884968
0.705094232,0.684561887,-0.107175753,0.551222893
0.749443078,1.083768614,-1.119340243,0.111885351
0.479015916,-1.681127675,2.25190943,-0.998622219
0.652653471,0.10250005,0.411483627,-1.218196081
0.753082243,1.466335782,-1.030001319,-0.129009685
0.737967747,1.329546095,-0.8851104,0.279661655
0.249614316,0.804722054,-0.024715106,0.917429481
0.306351749,0.684173991,-0.108399325,0.722563708
0.711656361,-0.033847311,0.416602306,0.401791773
-0.279695422,0.264027595,0.353123351,0.632195577
0.585412626,0.9483687,-0.647992966,-0.416690247
0.404761239,-3.126207278,1.141276612,-0.56572508
0.780739623,-0.533197813,1.101111199,0.061743199
0.769281341,0.895837149,-0.188206576,-0.332074204
0.742841776,1.135606678,-0.933560039,1.129581815
0.76386701,-0.006665617,0.465735218,0.054372905
0.775290732,1.024733384,-0.588682703,-0.53110934
0.728399252,0.267263593,0.251335923,0.408756736
0.297168051,0.742101622,-0.163891218,1.637090048
0.524383139,0.995895182,-0.913762637,1.189547482
0.74393299,1.823198551,-1.346594258,-0.090690579
0.669402837,0.327538975,0.006011075,-0.193994929
0.7397144,1.819538894,-1.605359556,0.214985262
0.692741005,-0.181022099,0.71384635,0.177872352
0.608920424,-5.09585189,1.467373277,0.010815193
0.576565288,-0.151286751,0.996678506,0.423113668
0.747563408,1.361305529,-1.301063973,-1.266299222
0.413849439,0.758706996,-0.25841646,0.7243348
0.581994724,-3.593898785,0.957158663,4.833775248
0.758428981,1.97186342,-1.369395641,0.520788477
0.754670612,0.816024997,-0.260211835,-0.918585152
0.538550957,1.24623281,-0.726579356,0.466080648
0.128161836,-2.085031958,1.916245407,-0.549150447
0.749746002,1.362809176,-0.726326058,-0.3178886
0.774638973,-0.322178713,0.855639726,0.220783756
0.25035801,1.130035543,-0.900394561,0.424811269
0.103224351,-0.56201736,0.563065168,-0.485568031
0.756873478,1.994292943,-1.358225727,0.457735017
0.975062725,-0.380841509,0.506042694,-0.006630512
0.690449404,1.162910784,-0.488488681,-1.049308444
0.434220188,-1.590353383,2.588064622,-0.170926658
0.703033518,1.193768377,-1.214154201,-0.217051109
0.738943433,1.243468924,-0.795835549,0.164719411
0.169887436,-4.39321205,0.426587097,0.154433958
0.193134464,-3.69100945,2.931921257,-0.487186132
0.747429258,1.364294215,-1.306980408,-1.266299222
0.752042914,1.408921649,-0.874394294,0.409163369
0.502306623,-3.772687587,0.144800623,-28.76110706
0.737485141,1.255815215,-0.839750725,0.164719411
0.234485099,-1.548571624,1.149788524,-1.424622164
0.744239534,1.69413001,-1.26811015,-0.163685042
-0.002244135,-4.300638569,4.76931478,0.062574023
0.686593954,0.56729609,-0.758130887,-0.896499965
-2.879061553,-1.542920837,2.099388522,-1.634041043
0.683506965,0.334706842,0.305124979,0.4147092
0.583294645,-4.797085253,-0.029317434,-2.155753961
0.679545402,-0.889403111,1.656628261,1.623436006
0.772342515,0.526674685,0.079138835,1.457075095
0.39230621,-1.583010322,1.399139243,0.520768908
0.710012763,-2.060479856,2.35644992,2.689185254
0.741356007,1.189888504,-0.990084714,1.480421346
0.794408227,-0.443969005,0.598399898,0.882568734
0.738342203,1.850242235,-1.547844653,0.811251106
0.51674039,-1.755927188,4.614998549,-0.374780818
0.740218163,-0.16461239,0.808293622,-1.330377226
0.704178955,0.724970942,-0.342120103,-0.815743212
0.420115413,-6.547766893,0.446775901,0.324813724
0.063904561,0.708131811,-0.284992388,-0.064262012
0.408551527,0.680123745,-0.132951423,0.342863503
-0.310007087,-1.807640232,1.992706724,0.532743351
0.738114092,1.653411675,-1.484548849,0.243698362
-0.094683908,-1.630455533,2.854145739,-1.312057177
0.748724424,1.733425051,-1.252647974,0.660231242
0.743497637,1.852581281,-1.61677031,0.00217257
-0.020042336,-0.489996461,1.154123134,-0.970317631
0.756998589,1.912444897,-1.288657756,-0.476108731
0.795320027,-2.32845865,2.245221272,1.982149933
-0.104611914,-2.152316266,1.514963359,-2.900781068
0.123786245,-0.756334521,1.009968438,0.980934338
0.210279731,-2.055402785,2.490661547,1.6642206
0.774488194,-2.989459394,2.840211869,1.671979053
0.545947101,-1.543136421,1.588796922,0.957042656
0.690777863,-0.459464052,0.969869079,-0.340029026
0.548356643,-0.383395924,0.570921115,-0.910355056
0.729338174,1.79502818,-1.506931039,-0.02295095
0.64243673,0.668950732,-0.052399403,-0.10149541
0.741364852,1.502861921,-1.277619121,-0.184096633
0.818466234,1.165118316,-0.831737112,0.252940012
0.567231561,-0.273465117,0.881578245,0.714765482
0.541144214,-0.246367401,0.565159401,-0.565876539
0.702828078,0.676760665,-0.094422902,0.613231459
0.756162332,1.780020301,-1.276032429,0.23126926
0.688021616,0.5402615,-0.09798896,2.090364454
0.673812164,0.07397402,0.435130203,-0.134214572
0.676556312,-0.418467544,1.307947955,0.962678886
1.48329447,-1.858795064,2.048522159,-2.657560661
0.895481168,-1.10834647,-1.165951752,1.065224968
0.510823028,-0.092872895,-0.954451152,1.457983119
1.984680499,-1.252516475,0.388707653,0.847636269
1.966850937,0.198559643,-0.090288965,-1.009846275
0.511773368,-0.377889072,0.128256002,-0.414191752
2.624506443,-2.849143892,7.841446765,-3.47018929
2.413806776,-0.583860235,0.078861177,0.360086251
0.001958902,-0.453175239,-1.051841209,0.875031244
0.742038413,0.582805836,-0.037444742,0.641767459
2.885886759,-2.874319466,-4.354954615,-0.569114946
0.419114421,-0.548258101,0.939115996,0.895044287
0.177467238,-0.65585112,-0.567342123,-0.893036476
0.239340364,-0.178301916,-1.085961427,0.509799206
0.123278624,-0.119159154,-1.333726382,0.822004111
0.681055374,0.77914387,-1.468784059,0.753151066
0.952436021,-1.870772666,-1.229272359,3.027084628
1.938358495,-2.818192751,0.487393479,-1.719762988
0.880971168,-0.070050308,1.023991268,-4.862048467
1.413032076,-1.645473436,3.321524513,3.79328888
0.640977308,0.043517353,-0.550502321,-0.46561974
1.97594397,1.569199968,0.797350958,2.690465105
0.0572981,-0.835019123,-0.269764759,0.072582969
0.894280027,0.823954285,0.060829643,-0.482847945
0.785009934,0.361027458,-0.179279228,0.020878824
0.938341769,-0.327707721,0.641333586,1.970953678
1.538794815,-1.101606201,-0.43345185,1.976337429
2.733667867,0.756675655,-0.000692988,-0.541311398
-0.592087738,-0.403733559,-0.0732332,-0.174985122
1.030324291,1.924499927,-1.048325915,-0.65469137
-0.569833279,-0.372609248,-0.064731378,1.142196194
0.140333254,0.560860035,-0.040473993,-7.701128513
-0.338585933,-0.27039002,-0.02549603,-0.603199371
0.125612955,0.565143402,-0.064271066,-7.701128513
2.593474592,1.578152967,-1.276952318,3.865176731
-0.546611052,-0.359228707,-0.063532904,0.096867316
-0.58666948,-0.387399018,-0.078999212,0.786239919
-0.452603333,-0.266969897,-0.010498509,1.012910881
0.914928803,1.550691261,1.113776457,2.921112651
-0.268352856,-0.193870478,0.085077957,-1.074199288
-0.257966873,0.031363611,-0.191701547,0.000540613
-0.598757668,-0.431622828,-0.066593331,0.818510318
-0.369096374,-0.263902468,-0.010391719,-0.578100849
-0.633013033,-0.904440904,-0.128347113,1.269160529
-0.618504309,-0.419841329,-0.05386951,0.479427547
5.122863908,19.51993117,-13.57633926,0.152753712
-0.526808228,-0.381255858,-0.074396359,-0.066465761
-0.594814059,-0.398125981,-0.064990877,-0.153692785
-0.52606903,-0.381631159,-0.074762935,-0.066465761
-0.391421437,-0.380347974,-0.135176786,-0.459788715
-0.447020161,-0.078742099,-0.228167598,-0.515587156
-0.581711165,-0.428055785,-0.065012868,0.818510318
0.579648327,0.966894372,0.359861631,1.793558455
-0.210076116,4.782311596,-2.143670825,-1.78282508
1.180127916,-1.696891695,1.66811996,4.934036095
1.213420893,-1.70183234,1.749361695,4.934036095
-0.197635318,4.699294616,-2.11713628,-1.78282508
-0.311703812,2.518715005,0.172725736,2.04091168
1.499898308,-1.824280917,-4.839711865,0.451479809
-1.776438768,0.643089983,-0.920074831,-1.348416753
-1.519125203,0.862551772,0.741950596,-1.469646935
-0.089499167,0.929934541,1.923526528,-0.632134606
-0.249831776,0.688350973,1.879657008,-1.248768674
-10.06074483,-20.79390405,4.918439778,1.0277296
-2.257860411,-0.357644595,-1.742168599,-0.476975436
0.334900872,0.222106232,0.529418395,-1.471072968
-0.431420256,0.399080129,0.095609371,0.866681569
-0.033675378,0.481372215,2.470556675,-0.03159647
0.221992022,0.397861236,1.247356848,-2.294983646
0.213007816,0.360004673,1.102048821,-2.294983646
0.380479651,1.679146755,4.788664135,-0.085698121
0.57045719,-0.259895669,-0.339278192,1.379885179
0.643473383,-0.254919234,-0.542723166,-1.666261247
-1.071670118,0.779153464,0.793986219,-0.442819284
-0.11327811,0.352738761,2.8293481,0.138718341
-1.017024793,0.471187629,1.010197636,-0.913212878
1.17051048,0.055611244,0.804898871,-0.468035883
-9.389594509,3.35392464,-4.675004598,2.052462838
0.242990524,0.258177997,0.846536926,0.221795254
0.770089466,-0.380566713,-1.222305287,-1.537777791
-1.578475786,-0.352929512,-1.153677034,-1.104669985
0.773280077,-0.092900296,0.16335154,-1.622320995
0.657538618,0.733313877,2.608542314,-0.350394393
0.805629628,-0.287002915,-0.96328936,-0.309489541
-4.703540156,-0.549815193,-7.035946162,1.013844822
-0.088121615,0.929736637,1.923899724,-0.632134606
-1.087121855,0.696827449,0.052576551,-3.702078816
0.606279467,-0.373291267,-1.243717206,-0.873465227
0.896232592,-0.368808356,-0.880965454,0.124550389
-4.679652278,-0.510214428,-7.033106732,1.013844822
0.220739682,0.087302329,0.164957917,-1.094367193
0.944733238,-0.38091874,-1.236246195,-0.79525895
0.641508696,-0.205229754,-0.810834855,-0.646760643
0.8900029,-0.087755418,0.143423625,-1.538299113
